<?xml version="1.0" encoding="UTF-8"?><idempiere Name="PricePerUOM" Version="1.0.0" idempiereVersion="" DataBaseVersion="" Description="" Author="" AuthorEmail="" CreatedDate="2022-07-11 19:45:17.903" UpdatedDate="2022-07-11 19:47:23.852" PackOutVersion="100" UpdateDictionary="true" Client="0-SYSTEM-System" AD_Client_UU="11237b53-9592-4af1-b3c5-afd216514b5d">
    <AD_Column type="table">
        <IsSyncDatabase>Y</IsSyncDatabase>
        <AD_Table_ID reference="id">251</AD_Table_ID>
        <AD_Reference_Value_ID reference="id"/>
        <AD_Client_ID>0</AD_Client_ID>
        <AD_Org_ID>0</AD_Org_ID>
        <Version>0</Version>
        <Name>UOM</Name>
        <Description>Unit of Measure</Description>
        <Help>The UOM defines a unique non monetary Unit of Measure</Help>
        <AD_Val_Rule_ID reference="id">210</AD_Val_Rule_ID>
        <ColumnName>C_UOM_ID</ColumnName>
        <DefaultValue/>
        <FieldLength>22</FieldLength>
        <IsKey>N</IsKey>
        <IsParent>N</IsParent>
        <IsMandatory>N</IsMandatory>
        <IsTranslated>N</IsTranslated>
        <IsIdentifier>N</IsIdentifier>
        <SeqNo>0</SeqNo>
        <IsEncrypted>N</IsEncrypted>
        <AD_Reference_ID reference="id">19</AD_Reference_ID>
        <AD_Org_ID reference="id">0</AD_Org_ID>
        <IsActive>Y</IsActive>
        <VFormat/>
        <Callout/>
        <AD_Element_ID reference="id">215</AD_Element_ID>
        <IsUpdateable>Y</IsUpdateable>
        <AD_Process_ID reference="id"/>
        <ValueMin/>
        <ValueMax/>
        <IsSelectionColumn>N</IsSelectionColumn>
        <ReadOnlyLogic/>
        <EntityType>BAY</EntityType>
        <IsAlwaysUpdateable>N</IsAlwaysUpdateable>
        <ColumnSQL/>
        <MandatoryLogic/>
        <IsAutocomplete>N</IsAutocomplete>
        <IsAllowLogging>Y</IsAllowLogging>
        <FormatPattern/>
        <AD_Chart_ID reference="id"/>
        <AD_Column_UU>8051bf47-48aa-4d64-a020-51e77465c8e5</AD_Column_UU>
        <IsAllowCopy>Y</IsAllowCopy>
        <SeqNoSelection>0</SeqNoSelection>
        <IsToolbarButton>N</IsToolbarButton>
        <IsSecure>N</IsSecure>
        <FKConstraintName>CUOM_MProductPrice</FKConstraintName>
        <FKConstraintType>N</FKConstraintType>
        <PA_DashboardContent_ID reference="id"/>
        <Placeholder/>
        <IsHtml>N</IsHtml>
        <AD_Val_Rule_Lookup_ID reference="id"/>
    </AD_Column>
    <AD_TableIndex type="table">
        <AD_TableIndex_ID>201038</AD_TableIndex_ID>
        <AD_Client_ID>0</AD_Client_ID>
        <AD_Org_ID>0</AD_Org_ID>
        <AD_Org_ID reference="id">0</AD_Org_ID>
        <AD_TableIndex_ID>201038</AD_TableIndex_ID>
        <AD_TableIndex_UU>d3ad099b-7d97-4d27-b915-45d1f455b225</AD_TableIndex_UU>
        <Description>Create a unique index between a Product and a Price List Version</Description>
        <EntityType>D</EntityType>
        <IsActive>Y</IsActive>
        <Name>m_productprice_unique_idx</Name>
        <AD_Table_ID reference="id">251</AD_Table_ID>
        <Help/>
        <IsCreateConstraint>N</IsCreateConstraint>
        <IsUnique>Y</IsUnique>
        <Processing>N</Processing>
        <AD_Message_ID reference="id"/>
        <TableIndexDrop>N</TableIndexDrop>
        <IsKey>N</IsKey>
        <AD_IndexColumn type="table">
            <AD_Client_ID>0</AD_Client_ID>
            <AD_Org_ID>0</AD_Org_ID>
            <AD_Org_ID reference="id">0</AD_Org_ID>
            <AD_IndexColumn_UU>e6aa4f1b-8ad3-475d-b86e-d9b4992e53b4</AD_IndexColumn_UU>
            <EntityType>BAY</EntityType>
            <IsActive>Y</IsActive>
            <AD_Column_ID reference="id"/>
            <AD_TableIndex_ID reference="id">201038</AD_TableIndex_ID>
            <ColumnSQL>COALESCE(C_UOM_ID,0)</ColumnSQL>
            <SeqNo>30</SeqNo>
        </AD_IndexColumn>
    </AD_TableIndex>
    <AD_Field type="table">
        <AD_Client_ID>0</AD_Client_ID>
        <AD_Org_ID>0</AD_Org_ID>
        <Name>UOM</Name>
        <Description>Unit of Measure</Description>
        <Help>The UOM defines a unique non monetary Unit of Measure</Help>
        <AD_Tab_ID reference="id">183</AD_Tab_ID>
        <AD_Column_ID reference="uuid" reference-key="AD_Column">8051bf47-48aa-4d64-a020-51e77465c8e5</AD_Column_ID>
        <IsDisplayed>Y</IsDisplayed>
        <DisplayLogic>@BXS_IsPricePerUOM@=Y</DisplayLogic>
        <DisplayLength>0</DisplayLength>
        <SeqNo>100</SeqNo>
        <SortNo>0</SortNo>
        <IsSameLine>N</IsSameLine>
        <IsHeading>N</IsHeading>
        <IsFieldOnly>N</IsFieldOnly>
        <IsEncrypted>N</IsEncrypted>
        <AD_Org_ID reference="id">0</AD_Org_ID>
        <IsActive>Y</IsActive>
        <IsReadOnly>N</IsReadOnly>
        <IsCentrallyMaintained>Y</IsCentrallyMaintained>
        <AD_FieldGroup_ID reference="id"/>
        <EntityType>BAY</EntityType>
        <ObscureType/>
        <AD_Reference_ID reference="id"/>
        <IsMandatory/>
        <DefaultValue/>
        <AD_Reference_Value_ID reference="id"/>
        <AD_Val_Rule_ID reference="id"/>
        <Included_Tab_ID reference="id"/>
        <AD_Field_UU>c4e2f421-7ee4-4aa3-897f-0c842c0b1edc</AD_Field_UU>
        <IsAllowCopy/>
        <IsDisplayedGrid>Y</IsDisplayedGrid>
        <SeqNoGrid>100</SeqNoGrid>
        <XPosition>1</XPosition>
        <ColumnSpan>2</ColumnSpan>
        <NumLines>1</NumLines>
        <IsQuickEntry>N</IsQuickEntry>
        <IsUpdateable/>
        <IsAlwaysUpdateable/>
        <MandatoryLogic>@BXS_IsPricePerUOM@=Y</MandatoryLogic>
        <ReadOnlyLogic/>
        <IsToolbarButton/>
        <IsDefaultFocus>N</IsDefaultFocus>
        <IsAdvancedField>N</IsAdvancedField>
        <VFormat/>
        <AD_LabelStyle_ID reference="id"/>
        <AD_FieldStyle_ID reference="id"/>
        <IsQuickForm>N</IsQuickForm>
        <Placeholder/>
        <IsSelectionColumn/>
        <AD_Val_Rule_Lookup_ID reference="id"/>
        <ColumnSQL/>
        <AD_Chart_ID reference="id"/>
        <AD_Field_Trl type="translation">
            <Description>Unit of Measure</Description>
            <Help>The UOM defines a unique non monetary Unit of Measure</Help>
            <Name>UOM</Name>
            <Placeholder/>
            <AD_Language>de_DE</AD_Language>
            <IsActive>Y</IsActive>
            <IsTranslated>N</IsTranslated>
        </AD_Field_Trl>
        <AD_Field_Trl type="translation">
            <Description>Unit of Measure</Description>
            <Help>The UOM defines a unique non monetary Unit of Measure</Help>
            <Name>UOM</Name>
            <Placeholder/>
            <AD_Language>es_CO</AD_Language>
            <IsActive>Y</IsActive>
            <IsTranslated>N</IsTranslated>
        </AD_Field_Trl>
    </AD_Field>
    <AD_Element type="table">
        <AD_Client_ID>0</AD_Client_ID>
        <AD_Org_ID>0</AD_Org_ID>
        <AD_Org_ID reference="id">0</AD_Org_ID>
        <IsActive>Y</IsActive>
        <ColumnName>BXS_IsPricePerUOM</ColumnName>
        <Name>Manage different prices per UOM</Name>
        <Description>If checked the Product Price can be different depending on the UOM selected.</Description>
        <Help/>
        <PrintName>Manage different prices per UOM</PrintName>
        <PO_Description/>
        <PO_Help/>
        <PO_Name/>
        <PO_PrintName/>
        <EntityType>BAY</EntityType>
        <AD_Element_UU>7d333ba3-d46f-4be8-96d8-eef5ea602c5b</AD_Element_UU>
        <Placeholder/>
        <AD_Element_Trl type="translation">
            <Description>If checked the Product Price can be different depending on the UOM selected.</Description>
            <Help/>
            <Name>Manage different prices per UOM</Name>
            <Placeholder/>
            <PO_Description/>
            <PO_Help/>
            <PO_Name/>
            <PO_PrintName/>
            <PrintName>Manage different prices per UOM</PrintName>
            <AD_Language>es_CO</AD_Language>
            <IsActive>Y</IsActive>
            <IsTranslated>N</IsTranslated>
        </AD_Element_Trl>
        <AD_Element_Trl type="translation">
            <Description>If checked the Product Price can be different depending on the UOM selected.</Description>
            <Help/>
            <Name>Manage different prices per UOM</Name>
            <Placeholder/>
            <PO_Description/>
            <PO_Help/>
            <PO_Name/>
            <PO_PrintName/>
            <PrintName>Manage different prices per UOM</PrintName>
            <AD_Language>de_DE</AD_Language>
            <IsActive>Y</IsActive>
            <IsTranslated>N</IsTranslated>
        </AD_Element_Trl>
    </AD_Element>
    <AD_Column type="table">
        <IsSyncDatabase>Y</IsSyncDatabase>
        <AD_Table_ID reference="id">208</AD_Table_ID>
        <AD_Reference_Value_ID reference="id"/>
        <AD_Client_ID>0</AD_Client_ID>
        <AD_Org_ID>0</AD_Org_ID>
        <Version>0</Version>
        <Name>Manage different prices per UOM</Name>
        <Description>If checked the Product Price can be different depending on the UOM selected.</Description>
        <Help/>
        <AD_Val_Rule_ID reference="id"/>
        <ColumnName>BXS_IsPricePerUOM</ColumnName>
        <DefaultValue>'N'</DefaultValue>
        <FieldLength>1</FieldLength>
        <IsKey>N</IsKey>
        <IsParent>N</IsParent>
        <IsMandatory>N</IsMandatory>
        <IsTranslated>N</IsTranslated>
        <IsIdentifier>N</IsIdentifier>
        <SeqNo>0</SeqNo>
        <IsEncrypted>N</IsEncrypted>
        <AD_Reference_ID reference="id">20</AD_Reference_ID>
        <AD_Org_ID reference="id">0</AD_Org_ID>
        <IsActive>Y</IsActive>
        <VFormat/>
        <Callout/>
        <AD_Element_ID reference="uuid" reference-key="AD_Element">7d333ba3-d46f-4be8-96d8-eef5ea602c5b</AD_Element_ID>
        <IsUpdateable>Y</IsUpdateable>
        <AD_Process_ID reference="id"/>
        <ValueMin/>
        <ValueMax/>
        <IsSelectionColumn>N</IsSelectionColumn>
        <ReadOnlyLogic/>
        <EntityType>BAY</EntityType>
        <IsAlwaysUpdateable>N</IsAlwaysUpdateable>
        <ColumnSQL/>
        <MandatoryLogic/>
        <IsAutocomplete>N</IsAutocomplete>
        <IsAllowLogging>Y</IsAllowLogging>
        <FormatPattern/>
        <AD_Chart_ID reference="id"/>
        <AD_Column_UU>74649333-3259-439e-a186-43ef33f238ac</AD_Column_UU>
        <IsAllowCopy>Y</IsAllowCopy>
        <SeqNoSelection>0</SeqNoSelection>
        <IsToolbarButton>N</IsToolbarButton>
        <IsSecure>N</IsSecure>
        <FKConstraintName/>
        <FKConstraintType>N</FKConstraintType>
        <PA_DashboardContent_ID reference="id"/>
        <Placeholder/>
        <IsHtml>N</IsHtml>
        <AD_Val_Rule_Lookup_ID reference="id"/>
    </AD_Column>
    <AD_Field type="table">
        <AD_Client_ID>0</AD_Client_ID>
        <AD_Org_ID>0</AD_Org_ID>
        <Name>Manage different prices per UOM</Name>
        <Description>If checked the Product Price can be different depending on the UOM selected.</Description>
        <Help/>
        <AD_Tab_ID reference="id">180</AD_Tab_ID>
        <AD_Column_ID reference="uuid" reference-key="AD_Column">74649333-3259-439e-a186-43ef33f238ac</AD_Column_ID>
        <IsDisplayed>Y</IsDisplayed>
        <DisplayLogic>@IsBOM@=N</DisplayLogic>
        <DisplayLength>0</DisplayLength>
        <SeqNo>620</SeqNo>
        <SortNo>0</SortNo>
        <IsSameLine>N</IsSameLine>
        <IsHeading>N</IsHeading>
        <IsFieldOnly>N</IsFieldOnly>
        <IsEncrypted>N</IsEncrypted>
        <AD_Org_ID reference="id">0</AD_Org_ID>
        <IsActive>Y</IsActive>
        <IsReadOnly>N</IsReadOnly>
        <IsCentrallyMaintained>Y</IsCentrallyMaintained>
        <AD_FieldGroup_ID reference="id"/>
        <EntityType>BAY</EntityType>
        <ObscureType/>
        <AD_Reference_ID reference="id"/>
        <IsMandatory/>
        <DefaultValue/>
        <AD_Reference_Value_ID reference="id"/>
        <AD_Val_Rule_ID reference="id"/>
        <Included_Tab_ID reference="id"/>
        <AD_Field_UU>24fd8bf2-171f-4ae0-950d-db1a3f0bdbb5</AD_Field_UU>
        <IsAllowCopy/>
        <IsDisplayedGrid>Y</IsDisplayedGrid>
        <SeqNoGrid>610</SeqNoGrid>
        <XPosition>2</XPosition>
        <ColumnSpan>2</ColumnSpan>
        <NumLines>1</NumLines>
        <IsQuickEntry>N</IsQuickEntry>
        <IsUpdateable/>
        <IsAlwaysUpdateable/>
        <MandatoryLogic/>
        <ReadOnlyLogic/>
        <IsToolbarButton/>
        <IsDefaultFocus>N</IsDefaultFocus>
        <IsAdvancedField>N</IsAdvancedField>
        <VFormat/>
        <AD_LabelStyle_ID reference="id"/>
        <AD_FieldStyle_ID reference="id"/>
        <IsQuickForm>N</IsQuickForm>
        <Placeholder/>
        <IsSelectionColumn/>
        <AD_Val_Rule_Lookup_ID reference="id"/>
        <ColumnSQL/>
        <AD_Chart_ID reference="id"/>
        <AD_Field_Trl type="translation">
            <Description>If checked the Product Price can be different depending on the UOM selected.</Description>
            <Help/>
            <Name>Manage different prices per UOM</Name>
            <Placeholder/>
            <AD_Language>de_DE</AD_Language>
            <IsActive>Y</IsActive>
            <IsTranslated>N</IsTranslated>
        </AD_Field_Trl>
        <AD_Field_Trl type="translation">
            <Description>If checked the Product Price can be different depending on the UOM selected.</Description>
            <Help/>
            <Name>Manage different prices per UOM</Name>
            <Placeholder/>
            <AD_Language>es_CO</AD_Language>
            <IsActive>Y</IsActive>
            <IsTranslated>N</IsTranslated>
        </AD_Field_Trl>
    </AD_Field>
    <AD_InfoWindow type="table">
        <AD_InfoWindow_ID>200000</AD_InfoWindow_ID>
        <AD_Client_ID>0</AD_Client_ID>
        <AD_Org_ID>0</AD_Org_ID>
        <AD_InfoWindow_ID>200000</AD_InfoWindow_ID>
        <AD_Org_ID reference="id">0</AD_Org_ID>
        <IsActive>Y</IsActive>
        <Name>Product Info</Name>
        <Description/>
        <Help/>
        <AD_Table_ID reference="id">208</AD_Table_ID>
        <EntityType>D</EntityType>
        <FromClause>M_Product p
LEFT OUTER JOIN M_ProductPrice pr ON (p.M_Product_ID=pr.M_Product_ID AND pr.IsActive='Y')
LEFT OUTER JOIN M_AttributeSet pa ON (p.M_AttributeSet_ID=pa.M_AttributeSet_ID)
LEFT OUTER JOIN M_Product_PO ppo ON (p.M_Product_ID=ppo.M_Product_ID AND ppo.IsCurrentVendor='Y' AND ppo.IsActive='Y')
LEFT OUTER JOIN C_BPartner bp ON (ppo.C_BPartner_ID=bp.C_BPartner_ID)</FromClause>
        <OtherClause/>
        <Processing>N</Processing>
        <AD_InfoWindow_UU>30a3f498-24bf-48fb-b441-27a121494091</AD_InfoWindow_UU>
        <WhereClause>(pr.C_UOM_ID IS NULL OR pr.C_UOM_ID = p.C_UOM_ID) </WhereClause>
        <IsDefault>Y</IsDefault>
        <IsDistinct>Y</IsDistinct>
        <OrderByClause/>
        <IsValid>Y</IsValid>
        <AD_CtxHelp_ID reference="id"/>
        <ImageURL>InfoProduct16.png</ImageURL>
        <SeqNo>10</SeqNo>
        <IsShowInDashboard>Y</IsShowInDashboard>
        <MaxQueryRecords>0</MaxQueryRecords>
        <isLoadPageNum>Y</isLoadPageNum>
        <PagingSize>0</PagingSize>
        <AD_Window_ID reference="id"/>
        <PO_Window_ID reference="id"/>
        <AD_InfoWindow_Trl type="translation">
            <Description/>
            <Help/>
            <Name>Información de Producto</Name>
            <AD_Language>es_CO</AD_Language>
            <IsActive>Y</IsActive>
            <IsTranslated>Y</IsTranslated>
        </AD_InfoWindow_Trl>
        <AD_InfoWindow_Trl type="translation">
            <Description/>
            <Help/>
            <Name>Product Info</Name>
            <AD_Language>de_DE</AD_Language>
            <IsActive>Y</IsActive>
            <IsTranslated>N</IsTranslated>
        </AD_InfoWindow_Trl>
    </AD_InfoWindow>
</idempiere>
