<?xml version="1.0" encoding="UTF-8"?><idempiere Name="PricePerUOM" Version="1.0.0" idempiereVersion="" DataBaseVersion="" Description="" Author="" AuthorEmail="" CreatedDate="2022-07-11 19:45:17.903" UpdatedDate="2022-07-11 19:47:23.852" PackOutVersion="100" UpdateDictionary="true" Client="0-SYSTEM-System" AD_Client_UU="11237b53-9592-4af1-b3c5-afd216514b5d">
    <AD_EntityType type="table">
        <AD_Client_ID>0</AD_Client_ID>
        <AD_Org_ID>0</AD_Org_ID>
        <EntityType>BAY</EntityType>
        <IsActive>Y</IsActive>
        <Name>FreiBier</Name>
        <Description>Implementation from BX Service/Thomas Bayen for FreiBier, German/European localization and more</Description>
        <Help/>
        <Version/>
        <ModelPackage/>
        <Classpath/>
        <Processing>N</Processing>
        <AD_EntityType_UU>ea7c6bae-5992-4f08-8777-c264078da40f</AD_EntityType_UU>
    </AD_EntityType>
    <SQLMandatory type="custom">
        <DBType>ALL</DBType>
        <statement>
            <![CDATA[ALTER TABLE M_ProductPrice DROP CONSTRAINT m_productprice_unique_idx CASCADE]]>
        </statement>
    </SQLMandatory>
    <AD_Column type="table">
        <IsSyncDatabase>Y</IsSyncDatabase>
        <AD_Table_ID reference="id">251</AD_Table_ID>
        <AD_Reference_Value_ID reference="id"/>
        <AD_Client_ID>0</AD_Client_ID>
        <AD_Org_ID>0</AD_Org_ID>
        <Version>0</Version>
        <Name>UOM</Name>
        <Description>Unit of Measure</Description>
        <Help>The UOM defines a unique non monetary Unit of Measure</Help>
        <AD_Val_Rule_ID reference="id">210</AD_Val_Rule_ID>
        <ColumnName>C_UOM_ID</ColumnName>
        <DefaultValue/>
        <FieldLength>22</FieldLength>
        <IsKey>N</IsKey>
        <IsParent>N</IsParent>
        <IsMandatory>N</IsMandatory>
        <IsTranslated>N</IsTranslated>
        <IsIdentifier>N</IsIdentifier>
        <SeqNo>0</SeqNo>
        <IsEncrypted>N</IsEncrypted>
        <AD_Reference_ID reference="id">19</AD_Reference_ID>
        <AD_Org_ID reference="id">0</AD_Org_ID>
        <IsActive>Y</IsActive>
        <VFormat/>
        <Callout/>
        <AD_Element_ID reference="id">215</AD_Element_ID>
        <IsUpdateable>Y</IsUpdateable>
        <AD_Process_ID reference="id"/>
        <ValueMin/>
        <ValueMax/>
        <IsSelectionColumn>N</IsSelectionColumn>
        <ReadOnlyLogic/>
        <EntityType>BAY</EntityType>
        <IsAlwaysUpdateable>N</IsAlwaysUpdateable>
        <ColumnSQL/>
        <MandatoryLogic/>
        <IsAutocomplete>N</IsAutocomplete>
        <IsAllowLogging>Y</IsAllowLogging>
        <FormatPattern/>
        <AD_Chart_ID reference="id"/>
        <AD_Column_UU>8051bf47-48aa-4d64-a020-51e77465c8e5</AD_Column_UU>
        <IsAllowCopy>Y</IsAllowCopy>
        <SeqNoSelection>0</SeqNoSelection>
        <IsToolbarButton>N</IsToolbarButton>
        <IsSecure>N</IsSecure>
        <FKConstraintName>CUOM_MProductPrice</FKConstraintName>
        <FKConstraintType>N</FKConstraintType>
        <PA_DashboardContent_ID reference="id"/>
        <Placeholder/>
        <IsHtml>N</IsHtml>
        <AD_Val_Rule_Lookup_ID reference="id"/>
    </AD_Column>
    <AD_TableIndex type="table">
        <AD_TableIndex_ID>201038</AD_TableIndex_ID>
        <AD_Client_ID>0</AD_Client_ID>
        <AD_Org_ID>0</AD_Org_ID>
        <AD_Org_ID reference="id">0</AD_Org_ID>
        <AD_TableIndex_ID>201038</AD_TableIndex_ID>
        <AD_TableIndex_UU>d3ad099b-7d97-4d27-b915-45d1f455b225</AD_TableIndex_UU>
        <Description>Create a unique index between a Product and a Price List Version</Description>
        <EntityType>D</EntityType>
        <IsActive>Y</IsActive>
        <Name>m_productprice_unique_idx</Name>
        <AD_Table_ID reference="id">251</AD_Table_ID>
        <Help/>
        <IsCreateConstraint>N</IsCreateConstraint>
        <IsUnique>Y</IsUnique>
        <Processing>N</Processing>
        <AD_Message_ID reference="id"/>
        <TableIndexDrop>N</TableIndexDrop>
        <IsKey>N</IsKey>
        <AD_IndexColumn type="table">
            <AD_Client_ID>0</AD_Client_ID>
            <AD_Org_ID>0</AD_Org_ID>
            <AD_Org_ID reference="id">0</AD_Org_ID>
            <AD_IndexColumn_UU>c07e6dd0-4bb3-4572-8160-4ed895d905a1</AD_IndexColumn_UU>
            <EntityType>BAY</EntityType>
            <IsActive>Y</IsActive>
            <AD_Column_ID reference="id"/>
            <AD_TableIndex_ID reference="id">201038</AD_TableIndex_ID>
            <ColumnSQL>COALESCE(C_UOM_ID,0)</ColumnSQL>
            <SeqNo>25</SeqNo>
        </AD_IndexColumn>
    </AD_TableIndex>
    <AD_Field type="table">
        <AD_Client_ID>0</AD_Client_ID>
        <AD_Org_ID>0</AD_Org_ID>
        <Name>UOM</Name>
        <Description>Unit of Measure</Description>
        <Help>The UOM defines a unique non monetary Unit of Measure</Help>
        <AD_Tab_ID reference="id">192</AD_Tab_ID>
        <AD_Column_ID reference="uuid" reference-key="AD_Column">8051bf47-48aa-4d64-a020-51e77465c8e5</AD_Column_ID>
        <IsDisplayed>Y</IsDisplayed>
        <DisplayLogic/>
        <DisplayLength>22</DisplayLength>
        <SeqNo>45</SeqNo>
        <SortNo/>
        <IsSameLine>N</IsSameLine>
        <IsHeading>N</IsHeading>
        <IsFieldOnly>N</IsFieldOnly>
        <IsEncrypted>N</IsEncrypted>
        <AD_Org_ID reference="id">0</AD_Org_ID>
        <IsActive>Y</IsActive>
        <IsReadOnly>N</IsReadOnly>
        <IsCentrallyMaintained>Y</IsCentrallyMaintained>
        <AD_FieldGroup_ID reference="id"/>
        <EntityType>BAY</EntityType>
        <ObscureType/>
        <AD_Reference_ID reference="id"/>
        <IsMandatory/>
        <DefaultValue/>
        <AD_Reference_Value_ID reference="id"/>
        <AD_Val_Rule_ID reference="id"/>
        <Included_Tab_ID reference="id"/>
        <AD_Field_UU>3cee3cb0-75aa-4691-849f-22f57bc579b0</AD_Field_UU>
        <IsAllowCopy/>
        <IsDisplayedGrid>Y</IsDisplayedGrid>
        <SeqNoGrid>45</SeqNoGrid>
        <XPosition>4</XPosition>
        <ColumnSpan>2</ColumnSpan>
        <NumLines>1</NumLines>
        <IsQuickEntry>N</IsQuickEntry>
        <IsUpdateable/>
        <IsAlwaysUpdateable/>
        <MandatoryLogic/>
        <ReadOnlyLogic/>
        <IsToolbarButton/>
        <IsDefaultFocus>N</IsDefaultFocus>
        <IsAdvancedField>N</IsAdvancedField>
        <VFormat/>
        <AD_LabelStyle_ID reference="id"/>
        <AD_FieldStyle_ID reference="id"/>
        <IsQuickForm>N</IsQuickForm>
        <Placeholder/>
        <IsSelectionColumn/>
        <AD_Val_Rule_Lookup_ID reference="id"/>
        <ColumnSQL/>
        <AD_Field_Trl type="translation">
            <Description>Unit of Measure</Description>
            <Help>The UOM defines a unique non monetary Unit of Measure</Help>
            <Name>UOM</Name>
            <Placeholder/>
            <AD_Language>es_CO</AD_Language>
            <IsActive>Y</IsActive>
            <IsTranslated>N</IsTranslated>
        </AD_Field_Trl>
    </AD_Field>
</idempiere>
